id,name,email,address
ID0303,Robert Thomas,robert.thomas@gmail.com,"2116 Main St, Los Angeles, AZ"
ID0213,Michael Moore,michael.moore@hotmail.com,"1028 Maple Dr, Houston, CA"
ID0299,David Brown,david.brown@outlook.com,"2089 Maple Dr, Phoenix, PA"
ID0159,Jessica Taylor,jessica.taylor@gmail.com,"8353 Maple Dr, Chicago, TX"
ID0385,Daniel Rodriguez,daniel.rodriguez@company.com,"7855 Oak Ave, Los Angeles, TX"
ID0438,Robert Davis,robert.davis@outlook.com,"5830 Park Blvd, Chicago, NY"
ID0315,Jessica Moore,jessica.moore@gmail.com,"7346 Maple Dr, Houston, PA"
ID0419,Robert Garcia,robert.garcia@company.com,"5851 Oak Ave, Los Angeles, AZ"
ID0422,James Taylor,james.taylor@yahoo.com,"3730 Cedar Ln, Los Angeles, NY"
ID0230,Jessica Thomas,jessica.thomas@company.com,"8651 Main St, Phoenix, IL"
ID0165,James Johnson,james.johnson@gmail.com,"6200 Park Blvd, Phoenix, PA"
ID0193,Daniel Williams,daniel.williams@gmail.com,"6934 Elm St, Houston, PA"
ID0002,Christopher Jackson,christopher.jackson@company.com,"568 Cedar Ln, New York, PA"
ID0192,William Williams,william.williams@hotmail.com,"5426 Maple Dr, New York, PA"
ID0206,Matthew Taylor,matthew.taylor@yahoo.com,"2542 Main St, Phoenix, PA"
ID0251,Jessica Anderson,jessica.anderson@outlook.com,"3053 Oak Ave, Los Angeles, PA"
ID0119,John Brown,john.brown@company.com,"3782 Main St, Houston, IL"
ID0011,Matthew Hernandez,matthew.hernandez@gmail.com,"7895 Elm St, Los Angeles, IL"
ID0200,James Wilson,james.wilson@company.com,"2296 Cedar Ln, Los Angeles, IL"
ID0398,Jane Williams,jane.williams@gmail.com,"4841 Oak Ave, Chicago, IL"
ID0124,Jessica Rodriguez,jessica.rodriguez@hotmail.com,"5842 Main St, Los Angeles, PA"
ID0014,Michelle Wilson,michelle.wilson@outlook.com,"8437 Cedar Ln, Philadelphia, IL"
ID0008,David Anderson,david.anderson@yahoo.com,"4201 Main St, Houston, CA"
ID0118,David Williams,david.williams@gmail.com,"4140 Oak Ave, Phoenix, AZ"
ID0103,Emily Hernandez,emily.hernandez@hotmail.com,"9411 Maple Dr, Houston, TX"
ID0050,David Garcia,david.garcia@company.com,"2775 Main St, Houston, AZ"
ID0075,William Williams,william.williams@outlook.com,"7547 Maple Dr, Phoenix, PA"
ID0035,Matthew Miller,matthew.miller@outlook.com,"3625 Maple Dr, Chicago, NY"
ID0117,James Johnson,james.johnson@yahoo.com,"240 Park Blvd, Philadelphia, IL"
ID0219,Robert Garcia,robert.garcia@outlook.com,"9329 Maple Dr, Philadelphia, CA"
ID0276,Christopher Hernandez,christopher.hernandez@company.com,"9973 Cedar Ln, Houston, CA"
ID0065,Robert Lopez,robert.lopez@company.com,"1021 Maple Dr, Los Angeles, CA"
ID0216,James Miller,james.miller@gmail.com,"2340 Main St, Philadelphia, TX"
ID0412,James Taylor,james.taylor@outlook.com,"2808 Park Blvd, Phoenix, IL"
ID0064,Michelle Taylor,michelle.taylor@gmail.com,"2589 Elm St, New York, AZ"
ID0129,David Hernandez,david.hernandez@gmail.com,"9905 Maple Dr, Chicago, NY"
ID0239,David Rodriguez,david.rodriguez@outlook.com,"9096 Oak Ave, Chicago, IL"
ID0249,Robert Rodriguez,robert.rodriguez@hotmail.com,"2565 Park Blvd, Phoenix, IL"
ID0488,Ashley Davis,ASHLEY.DAVIS@OUTLOOK.COM,"9575 main st, chicago, ca"
ID0499,jessica davis,jessica.davisathotmail.com,"6612 Main St, Phoenix, PA"
ID0145,Ashley Miller,ashley.miller@yahoo.com,"7877 Main St, Phoenix, TX"
ID0170,Amanda Johnson,amanda.johnson@company.com,"854 Oak Ave, Philadelphia, TX"
ID0427,Ashley Jones,ashley.jones@gmail.com,"6848 Cedar Ln, Phoenix, PA"
ID0203,Jane Lopez,jane.lopez@gmail.com,"1092 Main St, Philadelphia, AZ"
ID0329,Christopher Taylor,christopher.taylor@gmail.com,"2816 Main St, Los Angeles, AZ"
ID0393,William Lopez,william.lopez@company.com,"1607 Main St, Los Angeles, AZ"
ID0306,Christopher Lopez,christopher.lopez@gmail.com,"7924 Maple Dr, New York, CA"
ID0231,Daniel Jackson,daniel.jackson@hotmail.com,"5982 Main St, Philadelphia, TX"
ID0255,Ashley Garcia,ashley.garcia@yahoo.com,"5120 Maple Dr, Houston, CA"
ID0100,David Anderson,david.anderson@outlook.com,"1492 Maple Dr, Phoenix, PA"
ID0025,Emily Taylor,emily.taylor@gmail.com,"3281 Elm St, Los Angeles, IL"
ID0337,William Williams,william.williams@company.com,"2339 Main St, New York, NY"
ID0253,Christopher Brown,christopher.brown@hotmail.com,"9523 Park Blvd, Chicago, CA"
ID0291,Ashley Brown,ashley.brown@hotmail.com,"9182 Elm St, Los Angeles, IL"
ID0037,Kimberly Rodriguez,kimberly.rodriguez@hotmail.com,"5705 Maple Dr, Phoenix, IL"
ID0174,William Johnson,william.johnson@company.com,"9417 Cedar Ln, Phoenix, CA"
ID0020,Michael Martinez,michael.martinez@hotmail.com,"8059 Oak Ave, Phoenix, PA"
ID0275,James Johnson,james.johnson@company.com,"204 Cedar Ln, Phoenix, PA"
ID0444,Daniel Lopez,daniel.lopez@company.com,"4067 Elm St, Los Angeles, TX"
ID0264,Amanda Johnson,amanda.johnson@company.com,"8539 Elm St, Los Angeles, TX"
ID0231,Daniel Jackson,daniel.jackson@hotmail.com,"5982 Main St, Philadelphia, TX"
ID0497,Mike Wilson,michael.wilsonatoutlook.com,"4730 Maple Dr, Houston, TX"
ID0391,Matthew Lopez,matthew.lopez@outlook.com,"5309 Park Blvd, Philadelphia, NY"
ID0356,Michelle Davis,michelle.davis@gmail.com,"7568 Maple Dr, Chicago, TX"
ID0143,William Anderson,william.anderson@outlook.com,"5435 Maple Dr, Philadelphia, TX"
ID0252,Michelle Jackson,michelle.jackson@yahoo.com,"2915 Elm St, Phoenix, AZ"
ID0068,William Wilson,william.wilson@gmail.com,"9793 Main St, Phoenix, AZ"
ID0483,Ashley Williams,ASHLEY.WILLIAMS@COMPANY.COM,"3952 Main St, New York, TX"
ID0122,Emily Martinez,emily.martinez@outlook.com,"1311 Park Blvd, Phoenix, AZ"
ID0168,Emily Jones,emily.jones@gmail.com,"7141 Oak Ave, Philadelphia, CA"
ID0348,David Wilson,david.wilson@yahoo.com,"6915 Main St, Los Angeles, TX"
ID0003,Emily Jackson,emily.jackson@hotmail.com,"883 Main St, Houston, CA"
ID0437,Amanda Davis,amanda.davis@yahoo.com,"5665 Cedar Ln, Phoenix, TX"
ID0420,Kimberly Taylor,kimberly.taylor@gmail.com,"8469 Park Blvd, Los Angeles, IL"
ID0125,Michelle Rodriguez,michelle.rodriguez@yahoo.com,"5613 Main St, Philadelphia, IL"
ID0026,Kimberly Jackson,kimberly.jackson@company.com,"3074 Main St, Phoenix, AZ"
ID0354,John Davis,john.davis@yahoo.com,"9018 Park Blvd, Houston, NY"
ID0083,Emily Williams,emily.williams@gmail.com,"6322 Park Blvd, Philadelphia, AZ"
ID0344,Michael Johnson,michael.johnson@company.com,"1920 Main St, Chicago, CA"
ID0151,James Davis,james.davis@hotmail.com,"8792 Main St, Phoenix, NY"
ID0381,James Davis,james.davis@company.com,"1148 Oak Ave, Chicago, PA"
ID0222,Matthew Garcia,matthew.garcia@hotmail.com,"5221 Park Blvd, New York, NY"
ID0335,James Jackson,james.jackson@yahoo.com,"840 Elm St, Phoenix, PA"
ID0082,William Martinez,william.martinez@company.com,"9583 Park Blvd, Los Angeles, AZ"
ID0323,Jessica Johnson,jessica.johnson@hotmail.com,"1196 Cedar Ln, Los Angeles, NY"
ID0260,John Rodriguez,john.rodriguez@hotmail.com,"5382 Elm St, Phoenix, IL"
ID0441,William Martinez,william.martinez@hotmail.com,"5831 Park Blvd, Los Angeles, IL"
ID0195,Christopher Johnson,christopher.johnson@yahoo.com,"6078 Main St, New York, TX"
ID0061,Sarah Jackson,sarah.jackson@yahoo.com,"368 Oak Ave, New York, CA"
ID0245,Melissa Taylor,melissa.taylor@gmail.com,"7200 Cedar Ln, Chicago, TX"
ID0034,Matthew Thomas,matthew.thomas@hotmail.com,"2128 Cedar Ln, Los Angeles, TX"
ID0286,Daniel Garcia,daniel.garcia@outlook.com,"3324 Park Blvd, New York, TX"
ID0261,Emily Brown,emily.brown@yahoo.com,"8583 Park Blvd, Houston, IL"
ID0038,Robert Thomas,robert.thomas@gmail.com,"8506 Park Blvd, New York, TX"
ID0271,Ashley Anderson,ashley.anderson@gmail.com,"4044 Park Blvd, Chicago, NY"
ID0205,Jessica Smith,jessica.smith@hotmail.com,"5632 Main St, Philadelphia, CA"
ID0017,Kimberly Miller,kimberly.miller@gmail.com,"4877 Oak Ave, Phoenix, PA"
ID0022,Matthew Taylor,matthew.taylor@hotmail.com,"8075 Main St, Chicago, NY"
ID0148,Jane Jones,jane.jones@company.com,"3234 Main St, Phoenix, CA"
ID0277,Sarah Smith,sarah.smith@outlook.com,"6900 Park Blvd, Phoenix, CA"
ID0191,John Jackson,john.jackson@company.com,"1331 Maple Dr, New York, TX"
ID0307,Jane Martinez,jane.martinez@hotmail.com,"9249 Main St, Philadelphia, PA"
ID0376,David Moore,david.moore@gmail.com,"5094 Elm St, Los Angeles, CA"
ID0287,David Rodriguez,david.rodriguez@gmail.com,"7802 Elm St, Los Angeles, AZ"
ID0362,John Williams,john.williams@yahoo.com,"8456 Oak Ave, Los Angeles, PA"
ID0137,Christopher Brown,christopher.brown@gmail.com,"9726 Oak Ave, Houston, AZ"
ID0135,Amanda Jackson,amanda.jackson@outlook.com,"1480 Maple Dr, Los Angeles, AZ"
ID0500,SarahTaylor,SARAH.TAYLOR@YAHOO.COM,"7062 Maple Dr, Chicago, CA"
ID0410,Robert Smith,robert.smith@company.com,"9822 Maple Dr, Los Angeles, IL"
ID0112,Amanda Smith,amanda.smith@gmail.com,"7318 Main St, Phoenix, PA"
ID0430,John Jones,john.jones@yahoo.com,"5150 Maple Dr, New York, TX"
ID0246,Michelle Miller,michelle.miller@yahoo.com,"2866 Oak Ave, New York, PA"
ID0263,Amanda Lopez,amanda.lopez@company.com,"1372 Park Blvd, Phoenix, NY"
ID0069,Jane Anderson,jane.anderson@gmail.com,"8190 Oak Ave, Phoenix, TX"
ID0005,John Thomas,john.thomas@hotmail.com,"8822 Main St, Phoenix, AZ"
ID0138,Christopher Davis,christopher.davis@gmail.com,"9233 Elm St, Phoenix, CA"
ID0154,James Moore,james.moore@gmail.com,"8626 Cedar Ln, New York, IL"
ID0370,Sarah Thomas,sarah.thomas@hotmail.com,"631 Maple Dr, Chicago, PA"
ID0028,Sarah Taylor,sarah.taylor@hotmail.com,"3026 Oak Ave, Philadelphia, TX"
ID0095,Robert Garcia,robert.garcia@company.com,"7572 Maple Dr, Philadelphia, NY"
ID0223,Melissa Hernandez,melissa.hernandez@gmail.com,"9275 Maple Dr, Los Angeles, AZ"
ID0416,Daniel Anderson,daniel.anderson@yahoo.com,"4710 Cedar Ln, Philadelphia, CA"
ID0405,William Miller,william.miller@gmail.com,"1380 Oak Ave, New York, IL"
ID0384,Jessica Anderson,jessica.anderson@company.com,"4484 Oak Ave, New York, PA"
ID0386,Robert Smith,robert.smith@outlook.com,"3295 Elm St, Philadelphia, IL"
ID0085,Michael Wilson,michael.wilson@outlook.com,"4730 Maple Dr, Houston, TX"
ID0411,William Lopez,william.lopez@outlook.com,"4721 Park Blvd, Los Angeles, CA"
ID0009,Sarah Miller,sarah.miller@gmail.com,"7378 Park Blvd, Phoenix, TX"
ID0212,Christopher Smith,christopher.smith@company.com,"4595 Park Blvd, Philadelphia, TX"
ID0352,Melissa Thomas,melissa.thomas@hotmail.com,"3114 Maple Dr, Los Angeles, TX"
ID0281,Matthew Lopez,matthew.lopez@gmail.com,"5102 Cedar Ln, Philadelphia, AZ"
ID0250,Matthew Moore,matthew.moore@company.com,"8311 Cedar Ln, Phoenix, NY"
ID0421,Jane Rodriguez,jane.rodriguez@hotmail.com,"4854 Maple Dr, Houston, TX"
ID0313,Daniel Miller,daniel.miller@hotmail.com,"8636 Park Blvd, Houston, AZ"
ID0161,Daniel Johnson,daniel.johnson@yahoo.com,"6949 Park Blvd, New York, TX"
ID0186,John Davis,john.davis@outlook.com,"8231 Cedar Ln, Chicago, PA"
ID0337,William Williams,william.williams@company.com,"2339 Main St, New York, NY"
ID0120,Ashley Wilson,ashley.wilson@hotmail.com,"6945 Maple Dr, Houston, IL"
ID0089,Matthew Williams,matthew.williams@hotmail.com,"6696 Park Blvd, Philadelphia, NY"
ID0109,David Anderson,david.anderson@company.com,"4011 Park Blvd, Philadelphia, PA"
ID0493,Michael Jonson,MICHAEL.JOHNSON@GMAIL.COM,5145 Elm St Houston TX
ID0039,Sarah Taylor,sarah.taylor@yahoo.com,"7062 Maple Dr, Chicago, CA"
ID0181,Michael Martinez,michael.martinez@company.com,"5772 Park Blvd, Los Angeles, IL"
ID0232,Jessica Brown,jessica.brown@outlook.com,"3064 Maple Dr, Los Angeles, NY"
ID0308,Jane Garcia,jane.garcia@gmail.com,"993 Main St, Houston, NY"
ID0331,John Hernandez,john.hernandez@company.com,"909 Oak Ave, Chicago, CA"
ID0312,Kimberly Moore,kimberly.moore@outlook.com,"1889 Cedar Ln, New York, IL"
ID0010,Melissa Davis,melissa.davis@yahoo.com,"6069 Maple Dr, New York, TX"
ID0110,Emily Jackson,emily.jackson@hotmail.com,"8903 Cedar Ln, Los Angeles, NY"
ID0290,David Davis,david.davis@gmail.com,"6244 Park Blvd, Chicago, CA"
ID0077,William Moore,william.moore@hotmail.com,"2365 Park Blvd, Chicago, IL"
ID0184,Melissa Rodriguez,melissa.rodriguez@company.com,"2199 Oak Ave, Los Angeles, PA"
ID0292,Daniel Garcia,daniel.garcia@gmail.com,"2551 Maple Dr, Chicago, PA"
ID0019,William Taylor,william.taylor@gmail.com,"4737 Park Blvd, Chicago, PA"
ID0166,Michelle Martinez,michelle.martinez@gmail.com,"5481 Oak Ave, New York, CA"
ID0115,David Lopez,david.lopez@yahoo.com,"1945 Oak Ave, Chicago, IL"
ID0071,Michelle Thomas,michelle.thomas@gmail.com,"2033 Park Blvd, Phoenix, AZ"
ID0487,John Jackson,john.jackson@outlook.com,"6246 elm st, los angeles, tx"
ID0340,John Smith,john.smith@gmail.com,"9409 Maple Dr, Chicago, CA"
ID0136,William Williams,william.williams@company.com,"7273 Elm St, Houston, NY"
ID0157,Matthew Jackson,matthew.jackson@outlook.com,"2001 Oak Ave, Los Angeles, PA"
ID0262,Michael Anderson,michael.anderson@outlook.com,"2802 Cedar Ln, Philadelphia, NY"
ID0403,Amanda Thomas,amanda.thomas@hotmail.com,"4307 Maple Dr, Phoenix, IL"
ID0114,Kimberly Smith,kimberly.smith@outlook.com,"3777 Cedar Ln, Los Angeles, TX"
ID0349,Jessica Johnson,jessica.johnson@company.com,"7677 Oak Ave, New York, PA"
ID0401,John Smith,john.smith@hotmail.com,"8076 Park Blvd, Los Angeles, CA"
ID0428,Kimberly Wilson,kimberly.wilson@outlook.com,"8532 Maple Dr, Chicago, CA"
ID0187,Emily Rodriguez,emily.rodriguez@hotmail.com,"5701 Oak Ave, Philadelphia, NY"
ID0426,Jessica Davis,jessica.davis@outlook.com,"9675 Elm St, Phoenix, PA"
ID0498,david lopez,david.lopezathotmail.com,"1281 Main St, Los Angeles, NY"
ID0284,James Garcia,james.garcia@yahoo.com,"1398 Elm St, Los Angeles, CA"
ID0241,Ashley Miller,ashley.miller@gmail.com,"1333 Elm St, New York, CA"
ID0361,David Lopez,david.lopez@hotmail.com,"1281 Main St, Los Angeles, NY"
ID0346,Kimberly Moore,kimberly.moore@hotmail.com,"5429 Cedar Ln, Philadelphia, PA"
ID0418,Jane Anderson,jane.anderson@hotmail.com,"2626 Park Blvd, Houston, TX"
ID0235,William Jackson,william.jackson@outlook.com,"4195 Elm St, Phoenix, PA"
ID0364,Robert Davis,robert.davis@outlook.com,"8826 Oak Ave, Phoenix, PA"
ID0063,Daniel Wilson,daniel.wilson@gmail.com,"5807 Maple Dr, Philadelphia, CA"
ID0227,William Rodriguez,william.rodriguez@hotmail.com,"5550 Cedar Ln, Phoenix, TX"
ID0108,Ashley Lopez,ashley.lopez@company.com,"4629 Park Blvd, Houston, CA"
ID0132,Melissa Davis,melissa.davis@yahoo.com,"4914 Elm St, Phoenix, IL"
ID0406,John Garcia,john.garcia@outlook.com,"9846 Oak Ave, Los Angeles, AZ"
ID0407,Michelle Miller,michelle.miller@outlook.com,"1797 Park Blvd, Chicago, NY"
ID0131,Christopher Smith,christopher.smith@gmail.com,"2418 Maple Dr, Chicago, PA"
ID0090,Sarah Davis,sarah.davis@hotmail.com,"4188 Cedar Ln, Chicago, IL"
ID0196,Matthew Jones,matthew.jones@gmail.com,"6809 Elm St, Philadelphia, NY"
ID0341,James Taylor,james.taylor@yahoo.com,"6166 Oak Ave, Philadelphia, IL"
ID0322,Ashley Miller,ashley.miller@gmail.com,"1953 Maple Dr, New York, IL"
ID0130,Christopher Brown,christopher.brown@outlook.com,"5118 Elm St, Phoenix, TX"
ID0116,Jessica Taylor,jessica.taylor@outlook.com,"3584 Maple Dr, New York, AZ"
ID0228,Ashley Rodriguez,ashley.rodriguez@yahoo.com,"368 Main St, Philadelphia, PA"
ID0359,Ashley Miller,ashley.miller@hotmail.com,"8340 Park Blvd, Los Angeles, PA"
ID0314,Michael Wilson,michael.wilson@yahoo.com,"3973 Park Blvd, New York, IL"
ID0043,Jessica Lopez,jessica.lopez@gmail.com,"6748 Oak Ave, Philadelphia, IL"
ID0372,Christopher Davis,christopher.davis@gmail.com,"3315 Cedar Ln, Chicago, NY"
ID0378,David Taylor,david.taylor@gmail.com,"6137 Cedar Ln, Los Angeles, TX"
ID0270,Melissa Davis,melissa.davis@company.com,"4702 Park Blvd, Phoenix, TX"
ID0233,Jane Williams,jane.williams@gmail.com,"6704 Maple Dr, Los Angeles, AZ"
ID0091,Melissa Taylor,melissa.taylor@outlook.com,"3877 Maple Dr, Houston, PA"
ID0360,Robert Jones,robert.jones@hotmail.com,"7303 Oak Ave, Los Angeles, NY"
ID0396,Matthew Jones,matthew.jones@hotmail.com,"4412 Elm St, New York, NY"
ID0121,Jessica Anderson,jessica.anderson@yahoo.com,"1178 Cedar Ln, Chicago, CA"
ID0427,Ashley Jones,ashley.jones@gmail.com,"6848 Cedar Ln, Phoenix, PA"
ID0211,Michael Johnson,michael.johnson@gmail.com,"5145 Elm St, Houston, TX"
ID0325,Matthew Taylor,matthew.taylor@gmail.com,"9591 Cedar Ln, Philadelphia, PA"
ID0319,David Lopez,david.lopez@gmail.com,"8577 Elm St, Los Angeles, PA"
ID0266,Kimberly Williams,kimberly.williams@company.com,"4382 Oak Ave, New York, IL"
ID0178,Matthew Anderson,matthew.anderson@gmail.com,"2819 Oak Ave, Los Angeles, PA"
ID0366,Michelle Lopez,michelle.lopez@outlook.com,"380 Maple Dr, Phoenix, PA"
ID0301,Sarah Jackson,sarah.jackson@company.com,"8956 Oak Ave, Philadelphia, AZ"
ID0482,Jessica-Miller,jessica.miller@outlook.com,"2695 main st, houston, az"
ID0379,John Thomas,john.thomas@gmail.com,"5603 Main St, Philadelphia, NY"
ID0256,Michelle Hernandez,michelle.hernandez@outlook.com,"924 Elm St, Houston, NY"
ID0180,Sarah Miller,sarah.miller@company.com,"5091 Cedar Ln, New York, IL"
ID0076,Amanda Taylor,amanda.taylor@yahoo.com,"4815 Maple Dr, Phoenix, TX"
ID0058,Emily Williams,emily.williams@gmail.com,"4862 Elm St, Chicago, IL"
ID0436,Robert Garcia,robert.garcia@company.com,"7958 Park Blvd, New York, PA"
ID0229,Michael Wilson,michael.wilson@outlook.com,"1918 Oak Ave, New York, TX"
ID0214,John Rodriguez,john.rodriguez@yahoo.com,"7636 Park Blvd, Phoenix, TX"
ID0111,Jane Jones,jane.jones@yahoo.com,"7975 Main St, New York, NY"
ID0133,Sarah Moore,sarah.moore@outlook.com,"486 Maple Dr, New York, AZ"
ID0424,Michelle Moore,michelle.moore@hotmail.com,"4358 Maple Dr, Philadelphia, AZ"
ID0333,Kimberly Johnson,kimberly.johnson@hotmail.com,"5087 Maple Dr, New York, PA"
ID0351,Jessica Garcia,jessica.garcia@yahoo.com,"8425 Oak Ave, New York, CA"
ID0257,Emily Williams,emily.williams@hotmail.com,"2757 Main St, Philadelphia, PA"
ID0387,Jessica Thomas,jessica.thomas@outlook.com,"7326 Cedar Ln, New York, TX"
ID0209,Jane Brown,jane.brown@outlook.com,"8334 Elm St, Phoenix, CA"
ID0041,Jessica Garcia,jessica.garcia@hotmail.com,"5786 Main St, Chicago, PA"
ID0220,Ashley Johnson,ashley.johnson@company.com,"6652 Maple Dr, Phoenix, PA"
ID0102,Ashley Jackson,ashley.jackson@company.com,"4610 Main St, Philadelphia, NY"
ID0446,Emily Jackson,emily.jackson@gmail.com,"4525 Elm St, Philadelphia, TX"
ID0479,kimberly johnson,kimberlyjohnson@hotmailcom,"5087 Maple Dr, New York, PA"
ID0317,Kimberly Martinez,kimberly.martinez@hotmail.com,"9377 Main St, Chicago, IL"
ID0012,Christopher Hernandez,christopher.hernandez@hotmail.com,"8014 Cedar Ln, Chicago, NY"
ID0139,David Miller,david.miller@yahoo.com,"8833 Maple Dr, Houston, CA"
ID0079,Daniel Garcia,daniel.garcia@company.com,"9215 Maple Dr, Phoenix, PA"
ID0448,Melissa Davis,melissa.davis@hotmail.com,"7802 Park Blvd, Phoenix, IL"
ID0125,Michelle Rodriguez,michelle.rodriguez@yahoo.com,"5613 Main St, Philadelphia, IL"
ID0160,Amanda Jackson,amanda.jackson@outlook.com,"9202 Elm St, Chicago, IL"
ID0309,Christopher Smith,christopher.smith@hotmail.com,"8515 Cedar Ln, Houston, NY"
ID0247,William Smith,william.smith@hotmail.com,"6502 Elm St, New York, PA"
ID0431,Michael Wilson,michael.wilson@hotmail.com,"1240 Oak Ave, Chicago, NY"
ID0031,David Moore,david.moore@company.com,"1815 Maple Dr, Los Angeles, NY"
ID0105,Michelle Smith,michelle.smith@outlook.com,"5475 Elm St, Philadelphia, IL"
ID0169,Ashley Thomas,ashley.thomas@company.com,"6215 Park Blvd, Philadelphia, TX"
ID0443,Robert Miller,robert.miller@hotmail.com,"8202 Cedar Ln, Chicago, IL"
ID0477,David-Moore,david.mooreatcompany.com,"1815 Maple Dr, Los Angeles, NY"
ID0298,Robert Rodriguez,robert.rodriguez@yahoo.com,"6540 Oak Ave, Los Angeles, NY"
ID0409,Michelle Garcia,michelle.garcia@company.com,"8144 Cedar Ln, Chicago, TX"
ID0358,David Brown,david.brown@company.com,"9617 Park Blvd, Chicago, IL"
ID0013,Emily Smith,emily.smith@company.com,"6194 Main St, New York, IL"
ID0173,Amanda Brown,amanda.brown@outlook.com,"324 Main St, Phoenix, NY"
ID0111,Jane Jones,jane.jones@yahoo.com,"7975 Main St, New York, NY"
ID0210,Robert Smith,robert.smith@outlook.com,"8901 Elm St, Houston, CA"
ID0093,David Lopez,david.lopez@outlook.com,"5431 Main St, Los Angeles, TX"
ID0295,Matthew Anderson,matthew.anderson@yahoo.com,"7747 Main St, Philadelphia, IL"
ID0347,Amanda Johnson,amanda.johnson@outlook.com,"8667 Elm St, Philadelphia, TX"
ID0350,Jane Martinez,jane.martinez@outlook.com,"8942 Park Blvd, Houston, NY"
ID0101,Kimberly Hernandez,kimberly.hernandez@hotmail.com,"9880 Main St, Chicago, PA"
ID0400,Jessica Martinez,jessica.martinez@company.com,"4637 Elm St, Chicago, NY"
ID0280,Matthew Martinez,matthew.martinez@yahoo.com,"3817 Cedar Ln, Phoenix, TX"
ID0492,James-Wilson,james.wilsonatcompany.com,"2296 Cedar Ln, Los Angeles, IL"
ID0096,Kimberly Smith,kimberly.smith@hotmail.com,"7059 Elm St, Philadelphia, CA"
ID0045,Christopher Moore,christopher.moore@gmail.com,"7715 Park Blvd, New York, TX"
ID0404,Daniel Rodriguez,daniel.rodriguez@yahoo.com,"1651 Main St, Houston, AZ"
ID0147,Robert Taylor,robert.taylor@hotmail.com,"5718 Maple Dr, Chicago, NY"
ID0015,Melissa Smith,melissa.smith@company.com,"4479 Park Blvd, Los Angeles, TX"
ID0030,Jessica Davis,jessica.davis@hotmail.com,"6612 Main St, Phoenix, PA"
ID0377,Jessica Miller,jessica.miller@outlook.com,"2695 Main St, Houston, AZ"
ID0318,Daniel Johnson,daniel.johnson@yahoo.com,"8226 Cedar Ln, New York, CA"
ID0357,Kimberly Rodriguez,kimberly.rodriguez@yahoo.com,"3417 Park Blvd, Los Angeles, AZ"
ID0127,Emily Wilson,emily.wilson@hotmail.com,"9807 Park Blvd, Chicago, AZ"
ID0447,Michelle Anderson,michelle.anderson@outlook.com,"5682 Elm St, Los Angeles, TX"
ID0185,John Miller,john.miller@outlook.com,"823 Cedar Ln, New York, PA"
ID0164,Kimberly Rodriguez,kimberly.rodriguez@yahoo.com,"291 Cedar Ln, Chicago, AZ"
ID0484,SARAH JACKSON,sarah.jackson@yahoo.com,"368 oak ave, new york, ca"
ID0495,MATTHEW JONES,MATTHEW.JONES@GMAIL.COM,6809 Elm St Philadelphia NY
ID0248,Jessica Smith,jessica.smith@outlook.com,"5138 Cedar Ln, Phoenix, AZ"
ID0305,Sarah Jackson,sarah.jackson@company.com,"4925 Main St, Chicago, NY"
ID0158,Michelle Jackson,michelle.jackson@outlook.com,"1124 Oak Ave, Chicago, PA"
ID0062,Ashley Garcia,ashley.garcia@hotmail.com,"1369 Maple Dr, Los Angeles, CA"
ID0134,Daniel Johnson,daniel.johnson@gmail.com,"7300 Elm St, Philadelphia, CA"
ID0373,Amanda Jackson,amanda.jackson@yahoo.com,"2018 Cedar Ln, Philadelphia, CA"
ID0388,Michael Lopez,michael.lopez@gmail.com,"1167 Oak Ave, New York, PA"
ID0071,Michelle Thomas,michelle.thomas@gmail.com,"2033 Park Blvd, Phoenix, AZ"
ID0304,Matthew Jones,matthew.jones@yahoo.com,"956 Maple Dr, Chicago, AZ"
ID0049,William Moore,william.moore@yahoo.com,"1502 Main St, Houston, AZ"
ID0152,Daniel Hernandez,daniel.hernandez@outlook.com,"2342 Main St, Los Angeles, CA"
ID0007,Ashley Williams,ashley.williams@company.com,"3952 Main St, New York, TX"
ID0349,Jessica Johnson,jessica.johnson@company.com,"7677 Oak Ave, New York, PA"
ID0383,Sarah Garcia,sarah.garcia@company.com,"3772 Cedar Ln, Chicago, NY"
ID0113,Michelle Hernandez,michelle.hernandez@outlook.com,"2484 Park Blvd, Chicago, TX"
ID0415,Robert Brown,robert.brown@hotmail.com,"9779 Cedar Ln, Houston, TX"
ID0092,William Davis,william.davis@gmail.com,"3550 Oak Ave, Los Angeles, AZ"
ID0285,Melissa Thomas,melissa.thomas@hotmail.com,"8279 Park Blvd, New York, NY"
ID0162,William Wilson,william.wilson@company.com,"9387 Oak Ave, Phoenix, IL"
ID0343,William Garcia,william.garcia@company.com,"9627 Park Blvd, Los Angeles, NY"
ID0330,Jane Williams,jane.williams@yahoo.com,"9759 Maple Dr, Chicago, CA"
ID0098,Daniel Williams,daniel.williams@gmail.com,"4371 Park Blvd, New York, CA"
ID0067,Matthew Jones,matthew.jones@outlook.com,"5806 Oak Ave, New York, CA"
ID0300,James Jackson,james.jackson@yahoo.com,"8199 Maple Dr, Los Angeles, CA"
ID0001,John Anderson,john.anderson@yahoo.com,"2269 Cedar Ln, Philadelphia, TX"
ID0199,Christopher Brown,christopher.brown@company.com,"9394 Park Blvd, Chicago, CA"
ID0402,Robert Anderson,robert.anderson@gmail.com,"656 Oak Ave, Los Angeles, IL"
ID0060,John Lopez,john.lopez@yahoo.com,"910 Elm St, Houston, IL"
ID0390,David Thomas,david.thomas@outlook.com,"3798 Oak Ave, New York, TX"
ID0182,Amanda Martinez,amanda.martinez@hotmail.com,"7574 Maple Dr, Philadelphia, AZ"
ID0380,Michelle Martinez,michelle.martinez@hotmail.com,"5644 Main St, Houston, AZ"
ID0480,James Jonson,jamesjohnson@yahoocom,"240 park blvd, philadelphia, il"
ID0289,James Taylor,james.taylor@outlook.com,"6154 Main St, Chicago, CA"
ID0270,Melissa Davis,melissa.davis@company.com,"4702 Park Blvd, Phoenix, TX"
ID0328,David Thomas,david.thomas@outlook.com,"4139 Elm St, Houston, AZ"
ID0496,Jessica Davis,jessica.davisatoutlook.com,"9675 Elm St, Phoenix, PA"
ID0051,Jessica Rodriguez,jessica.rodriguez@gmail.com,"6504 Main St, Phoenix, IL"
ID0176,Daniel Brown,daniel.brown@company.com,"5099 Park Blvd, Los Angeles, PA"
ID0321,John Lopez,john.lopez@hotmail.com,"8489 Cedar Ln, New York, CA"
ID0302,David Hernandez,david.hernandez@hotmail.com,"5739 Oak Ave, Philadelphia, AZ"
ID0023,Matthew Williams,matthew.williams@yahoo.com,"1577 Oak Ave, New York, PA"
ID0054,Melissa Miller,melissa.miller@company.com,"7537 Park Blvd, Los Angeles, NY"
ID0036,Daniel Lopez,daniel.lopez@gmail.com,"5282 Maple Dr, Los Angeles, PA"
ID0278,Robert Lopez,robert.lopez@gmail.com,"8625 Park Blvd, Philadelphia, TX"
ID0186,John Davis,john.davis@outlook.com,"8231 Cedar Ln, Chicago, PA"
ID0363,Jane Davis,jane.davis@company.com,"370 Elm St, New York, IL"
ID0066,Ashley Anderson,ashley.anderson@gmail.com,"2632 Cedar Ln, Chicago, PA"
ID0074,Emily Williams,emily.williams@outlook.com,"4690 Oak Ave, Los Angeles, AZ"
ID0215,Michael Jackson,michael.jackson@hotmail.com,"9921 Maple Dr, Chicago, NY"
ID0158,Michelle Jackson,michelle.jackson@outlook.com,"1124 Oak Ave, Chicago, PA"
ID0113,Michelle Hernandez,michelle.hernandez@outlook.com,"2484 Park Blvd, Chicago, TX"
ID0439,Jessica Smith,jessica.smith@outlook.com,"5991 Cedar Ln, Los Angeles, IL"
ID0420,Kimberly Taylor,kimberly.taylor@gmail.com,"8469 Park Blvd, Los Angeles, IL"
ID0394,Kimberly Anderson,kimberly.anderson@gmail.com,"9320 Main St, Phoenix, CA"
ID0142,Michael Johnson,michael.johnson@hotmail.com,"4030 Oak Ave, Philadelphia, NY"
ID0494,William Davis,william.davis@yahoo.com,"9663 Park Boulevard, Houston, NY"
ID0021,William Brown,william.brown@outlook.com,"2727 Main St, Houston, CA"
ID0177,Melissa Martinez,melissa.martinez@company.com,"2445 Maple Dr, Philadelphia, PA"
ID0433,Jane Jackson,jane.jackson@yahoo.com,"1793 Main St, Houston, AZ"
ID0153,Matthew Johnson,matthew.johnson@yahoo.com,"5692 Cedar Ln, Los Angeles, PA"
ID0081,Daniel Jackson,daniel.jackson@yahoo.com,"2569 Cedar Ln, Los Angeles, AZ"
ID0395,Jessica Rodriguez,jessica.rodriguez@company.com,"1843 Park Blvd, Phoenix, IL"
ID0408,Amanda Smith,amanda.smith@hotmail.com,"5171 Cedar Ln, Los Angeles, CA"
ID0055,James Anderson,james.anderson@company.com,"4918 Main St, Phoenix, AZ"
ID0149,Robert Jones,robert.jones@hotmail.com,"8571 Cedar Ln, Los Angeles, AZ"
ID0236,Matthew Jones,matthew.jones@yahoo.com,"4756 Cedar Ln, Chicago, IL"
ID0104,Michelle Anderson,michelle.anderson@yahoo.com,"2684 Cedar Ln, Los Angeles, PA"
ID0425,James Lopez,james.lopez@outlook.com,"8593 Cedar Ln, Chicago, PA"
ID0414,Sarah Martinez,sarah.martinez@gmail.com,"3910 Park Blvd, Chicago, TX"
ID0440,Melissa Davis,melissa.davis@outlook.com,"5022 Cedar Ln, Philadelphia, AZ"
ID0332,Robert Wilson,robert.wilson@company.com,"9261 Elm St, New York, CA"
ID0478,amanda miller,AMANDA.MILLER@OUTLOOK.COM,"6687 Park Boulevard, Los Angeles, CA"
ID0040,David Wilson,david.wilson@yahoo.com,"6997 Main St, Los Angeles, NY"
ID0485,Melissa-Hernandez,melissa.hernandezatgmail.com,"9275 Maple Dr, Los Angeles, AZ"
ID0204,Melissa Moore,melissa.moore@yahoo.com,"3727 Main St, Philadelphia, CA"
ID0274,Jessica Lopez,jessica.lopez@hotmail.com,"5685 Maple Dr, Los Angeles, PA"
ID0042,William Martinez,william.martinez@outlook.com,"9308 Maple Dr, Philadelphia, AZ"
ID0146,John Smith,john.smith@outlook.com,"5789 Elm St, Los Angeles, CA"
ID0086,Emily Hernandez,emily.hernandez@outlook.com,"7910 Cedar Ln, Philadelphia, CA"
ID0197,Sarah Wilson,sarah.wilson@outlook.com,"9998 Cedar Ln, Los Angeles, NY"
ID0423,Melissa Thomas,melissa.thomas@hotmail.com,"7760 Oak Ave, Phoenix, AZ"
ID0070,Jessica Lopez,jessica.lopez@hotmail.com,"2987 Main St, Chicago, AZ"
ID0345,Michelle Taylor,michelle.taylor@hotmail.com,"8639 Park Blvd, Phoenix, AZ"
ID0486,david williams,DAVID.WILLIAMS@GMAIL.COM,"4140 Oak Ave, Phoenix, AZ"
ID0353,John Martinez,john.martinez@hotmail.com,"7792 Park Blvd, Houston, PA"
ID0059,Jessica Smith,jessica.smith@hotmail.com,"7612 Maple Dr, Phoenix, IL"
ID0179,James Williams,james.williams@yahoo.com,"2272 Maple Dr, Houston, NY"
ID0365,William Wilson,william.wilson@yahoo.com,"7490 Maple Dr, Houston, TX"
ID0258,William Jones,william.jones@outlook.com,"6431 Park Blvd, Los Angeles, AZ"
ID0171,Michael Taylor,michael.taylor@hotmail.com,"9182 Park Blvd, Houston, CA"
ID0087,John Davis,john.davis@gmail.com,"4787 Cedar Ln, Chicago, AZ"
ID0429,Daniel Garcia,daniel.garcia@yahoo.com,"3554 Main St, Phoenix, CA"
ID0018,Matthew Hernandez,matthew.hernandez@gmail.com,"8943 Park Blvd, Houston, PA"
ID0123,Ashley Miller,ashley.miller@outlook.com,"1077 Park Blvd, Los Angeles, IL"
ID0080,Matthew Wilson,matthew.wilson@yahoo.com,"788 Maple Dr, Phoenix, PA"
ID0183,Robert Wilson,robert.wilson@hotmail.com,"4931 Park Blvd, Houston, CA"
ID0163,David Williams,david.williams@gmail.com,"5344 Main St, Houston, AZ"
ID0234,Christopher Martinez,christopher.martinez@outlook.com,"6948 Park Blvd, Philadelphia, CA"
ID0243,William Williams,william.williams@hotmail.com,"3094 Maple Dr, Philadelphia, TX"
ID0326,Jane Johnson,jane.johnson@outlook.com,"9100 Park Blvd, Chicago, NY"
ID0224,William Lopez,william.lopez@yahoo.com,"7807 Cedar Ln, New York, IL"
ID0141,Matthew Davis,matthew.davis@gmail.com,"184 Cedar Ln, Phoenix, NY"
ID0339,Jane Hernandez,jane.hernandez@outlook.com,"1252 Oak Ave, Houston, IL"
ID0217,Emily Anderson,emily.anderson@hotmail.com,"7243 Main St, New York, NY"
ID0097,William Wilson,william.wilson@outlook.com,"9164 Park Blvd, Los Angeles, PA"
ID0048,Kimberly Martinez,kimberly.martinez@hotmail.com,"9505 Main St, Houston, AZ"
ID0203,Jane Lopez,jane.lopez@gmail.com,"1092 Main St, Philadelphia, AZ"
ID0334,Kimberly Taylor,kimberly.taylor@outlook.com,"9753 Elm St, Los Angeles, PA"
ID0273,David Moore,david.moore@yahoo.com,"2024 Oak Ave, Philadelphia, PA"
ID0078,Robert Lopez,robert.lopez@hotmail.com,"558 Main St, New York, IL"
ID0058,Emily Williams,emily.williams@gmail.com,"4862 Elm St, Chicago, IL"
ID0371,Jane Jones,jane.jones@outlook.com,"5269 Cedar Ln, Phoenix, IL"
ID0004,Amanda Lopez,amanda.lopez@outlook.com,"8748 Main St, Philadelphia, AZ"
ID0399,Jane Jackson,jane.jackson@hotmail.com,"5458 Elm St, Houston, PA"
ID0419,Robert Garcia,robert.garcia@company.com,"5851 Oak Ave, Los Angeles, AZ"
ID0368,James Johnson,james.johnson@gmail.com,"9574 Maple Dr, Houston, TX"
ID0099,Amanda Taylor,amanda.taylor@hotmail.com,"9536 Park Blvd, Chicago, PA"
ID0373,Amanda Jackson,amanda.jackson@yahoo.com,"2018 Cedar Ln, Philadelphia, CA"
ID0221,Jane Rodriguez,jane.rodriguez@yahoo.com,"4540 Main St, Chicago, TX"
ID0094,Jane Davis,jane.davis@company.com,"9562 Elm St, Los Angeles, IL"
ID0088,Robert Lopez,robert.lopez@gmail.com,"6567 Maple Dr, New York, IL"
ID0481,James-Williams,james.williamsatyahoo.com,"2272 Maple Dr, Houston, NY"
ID0234,Christopher Martinez,christopher.martinez@outlook.com,"6948 Park Blvd, Philadelphia, CA"
ID0220,Ashley Johnson,ashley.johnson@company.com,"6652 Maple Dr, Phoenix, PA"
ID0254,David Davis,david.davis@company.com,"7017 Main St, Chicago, TX"
ID0189,Jessica Jones,jessica.jones@company.com,"5414 Maple Dr, Houston, PA"
ID0244,William Brown,william.brown@gmail.com,"6499 Maple Dr, New York, NY"
ID0389,David Wilson,david.wilson@company.com,"735 Maple Dr, Philadelphia, PA"
ID0198,Matthew Rodriguez,matthew.rodriguez@company.com,"1877 Maple Dr, Phoenix, NY"
ID0374,Ashley Davis,ashley.davis@outlook.com,"9575 Main St, Chicago, CA"
ID0046,Emily Jones,emily.jones@yahoo.com,"451 Maple Dr, Houston, TX"
ID0052,Robert Davis,robert.davis@outlook.com,"6611 Cedar Ln, Los Angeles, AZ"
ID0283,William Williams,william.williams@company.com,"6401 Cedar Ln, Houston, AZ"
ID0042,William Martinez,william.martinez@outlook.com,"9308 Maple Dr, Philadelphia, AZ"
ID0432,Robert Miller,robert.miller@gmail.com,"8137 Oak Ave, New York, AZ"
ID0445,Daniel Williams,daniel.williams@outlook.com,"2136 Cedar Ln, Phoenix, PA"
ID0024,Kimberly Hernandez,kimberly.hernandez@hotmail.com,"5076 Cedar Ln, Phoenix, AZ"
ID0151,James Davis,james.davis@hotmail.com,"8792 Main St, Phoenix, NY"
ID0027,Jane Anderson,jane.anderson@yahoo.com,"701 Park Blvd, Phoenix, CA"
ID0355,Amanda Smith,amanda.smith@outlook.com,"3655 Park Blvd, Philadelphia, PA"
ID0106,Michelle Johnson,michelle.johnson@hotmail.com,"4437 Main St, Phoenix, AZ"
ID0327,Christopher Taylor,christopher.taylor@outlook.com,"4713 Park Blvd, Phoenix, TX"
ID0056,Jessica Hernandez,jessica.hernandez@yahoo.com,"7554 Oak Ave, Phoenix, PA"
ID0239,David Rodriguez,david.rodriguez@outlook.com,"9096 Oak Ave, Chicago, IL"
ID0417,James Miller,james.miller@hotmail.com,"7641 Main St, New York, AZ"
ID0296,Jessica Wilson,jessica.wilson@company.com,"9604 Park Blvd, Philadelphia, TX"
ID0029,Emily Davis,emily.davis@hotmail.com,"6970 Park Blvd, Los Angeles, NY"
ID0397,Ashley Moore,ashley.moore@company.com,"5370 Main St, New York, IL"
ID0449,John Hernandez,john.hernandez@gmail.com,"9257 Main St, Houston, CA"
ID0491,Matthew Lopez,matthew.lopez@outlook.com,"5309 park blvd, philadelphia, ny"
ID0107,Melissa Davis,melissa.davis@gmail.com,"4207 Maple Dr, Chicago, PA"
ID0144,Daniel Williams,daniel.williams@hotmail.com,"8758 Park Blvd, Philadelphia, CA"
ID0238,Kimberly Hernandez,kimberly.hernandez@outlook.com,"115 Cedar Ln, Los Angeles, IL"
ID0053,William Miller,william.miller@yahoo.com,"5240 Main St, Los Angeles, CA"
ID0375,Kimberly Lopez,kimberly.lopez@gmail.com,"1683 Maple Dr, Philadelphia, IL"
ID0126,Michelle Martinez,michelle.martinez@gmail.com,"3211 Main St, Phoenix, IL"
ID0442,Kimberly Jackson,kimberly.jackson@company.com,"7597 Oak Ave, Los Angeles, TX"
ID0202,James Jackson,james.jackson@company.com,"6559 Elm St, Phoenix, NY"
ID0282,Robert Hernandez,robert.hernandez@company.com,"7663 Cedar Ln, Philadelphia, CA"
ID0140,Matthew Brown,matthew.brown@company.com,"5266 Cedar Ln, Philadelphia, TX"
ID0410,Robert Smith,robert.smith@company.com,"9822 Maple Dr, Los Angeles, IL"
ID0190,Daniel Davis,daniel.davis@outlook.com,"8849 Maple Dr, Philadelphia, TX"
ID0184,Melissa Rodriguez,melissa.rodriguez@company.com,"2199 Oak Ave, Los Angeles, PA"
ID0392,Sarah Thomas,sarah.thomas@outlook.com,"2259 Maple Dr, Phoenix, AZ"
ID0490,jane davis,jane.davis@company.com,"370 Elm St, New York, IL"
ID0312,Kimberly Moore,kimberly.moore@outlook.com,"1889 Cedar Ln, New York, IL"
ID0047,Kimberly Taylor,kimberly.taylor@outlook.com,"831 Park Blvd, Los Angeles, TX"
ID0225,Matthew Rodriguez,matthew.rodriguez@gmail.com,"7263 Park Blvd, Philadelphia, AZ"
ID0237,Sarah Williams,sarah.williams@outlook.com,"2959 Elm St, Houston, NY"
ID0279,Matthew Miller,matthew.miller@hotmail.com,"6964 Oak Ave, Phoenix, NY"
ID0084,Matthew Martinez,matthew.martinez@company.com,"8996 Main St, Chicago, TX"
ID0155,Robert Taylor,robert.taylor@company.com,"7406 Cedar Ln, Phoenix, CA"
ID0057,Kimberly Jackson,kimberly.jackson@gmail.com,"8239 Oak Ave, Houston, NY"
ID0336,William Wilson,william.wilson@gmail.com,"4741 Oak Ave, Phoenix, AZ"
ID0156,Christopher Brown,christopher.brown@company.com,"8593 Main St, Houston, NY"
ID0194,Michelle Johnson,michelle.johnson@outlook.com,"9452 Cedar Ln, Philadelphia, NY"
ID0226,William Rodriguez,william.rodriguez@gmail.com,"7602 Oak Ave, Phoenix, NY"
ID0032,John Jackson,john.jackson@outlook.com,"6246 Elm St, Los Angeles, TX"
ID0294,Matthew Jones,matthew.jones@outlook.com,"2484 Elm St, Phoenix, TX"
ID0413,Sarah Williams,sarah.williams@gmail.com,"4924 Oak Ave, Phoenix, AZ"
ID0338,Jessica Garcia,jessica.garcia@outlook.com,"6081 Oak Ave, New York, AZ"
ID0033,Sarah Thomas,sarah.thomas@outlook.com,"7514 Park Blvd, Los Angeles, TX"
ID0175,Michelle Miller,michelle.miller@gmail.com,"8560 Maple Dr, Phoenix, CA"
ID0265,Daniel Thomas,daniel.thomas@outlook.com,"3395 Cedar Ln, Houston, CA"
ID0450,Amanda Davis,amanda.davis@company.com,"7139 Maple Dr, Chicago, TX"
ID0128,Michelle Lopez,michelle.lopez@hotmail.com,"7407 Oak Ave, Phoenix, AZ"
ID0311,Kimberly Johnson,kimberly.johnson@company.com,"5541 Cedar Ln, Philadelphia, CA"
ID0272,Christopher Miller,christopher.miller@outlook.com,"9715 Elm St, New York, PA"
ID0269,James Jones,james.jones@outlook.com,"3269 Oak Ave, Los Angeles, NY"
ID0006,Jessica Smith,jessica.smith@yahoo.com,"4559 Elm St, Chicago, PA"
ID0259,John Williams,john.williams@hotmail.com,"7560 Elm St, Philadelphia, TX"
ID0242,Daniel Davis,daniel.davis@outlook.com,"5237 Elm St, Chicago, AZ"
ID0268,John Anderson,john.anderson@yahoo.com,"7367 Cedar Ln, Phoenix, PA"
ID0476,David-Rodriguez,DAVID.RODRIGUEZ@OUTLOOK.COM,"9096 oak ave, chicago, il"
ID0367,William Davis,william.davis@yahoo.com,"9663 Park Blvd, Houston, NY"
ID0240,William Thomas,william.thomas@yahoo.com,"8670 Main St, Philadelphia, TX"
ID0072,Jane Jones,jane.jones@yahoo.com,"6175 Elm St, Chicago, IL"
ID0172,Jessica Anderson,jessica.anderson@company.com,"8251 Oak Ave, Philadelphia, TX"
ID0316,Melissa Williams,melissa.williams@gmail.com,"1045 Main St, New York, CA"
ID0016,Ashley Hernandez,ashley.hernandez@gmail.com,"929 Cedar Ln, Philadelphia, PA"
ID0293,Michael Wilson,michael.wilson@outlook.com,"9463 Main St, Houston, AZ"
ID0208,Jane Williams,jane.williams@yahoo.com,"4822 Main St, Los Angeles, AZ"
ID0342,Kimberly Thomas,kimberly.thomas@yahoo.com,"454 Park Blvd, Philadelphia, NY"
ID0073,Daniel Jones,daniel.jones@gmail.com,"7418 Elm St, Phoenix, NY"
ID0207,James Miller,james.miller@yahoo.com,"5695 Elm St, Phoenix, NY"
ID0324,John Wilson,john.wilson@hotmail.com,"9579 Elm St, New York, NY"
ID0167,Michael Lopez,michael.lopez@outlook.com,"3190 Maple Dr, Los Angeles, TX"
ID0297,Michael Hernandez,michael.hernandez@hotmail.com,"1429 Maple Dr, Los Angeles, PA"
ID0288,Sarah Wilson,sarah.wilson@hotmail.com,"4848 Oak Ave, Chicago, AZ"
ID0044,Kimberly Brown,kimberly.brown@company.com,"7449 Park Blvd, Chicago, AZ"
ID0320,Christopher Jones,christopher.jones@company.com,"8139 Park Blvd, Chicago, CA"
ID0188,Amanda Miller,amanda.miller@outlook.com,"6687 Park Blvd, Los Angeles, CA"
ID0310,Melissa Rodriguez,melissa.rodriguez@company.com,"1003 Main St, Philadelphia, PA"
ID0008,David Anderson,david.anderson@yahoo.com,"4201 Main St, Houston, CA"
ID0435,Michelle Brown,michelle.brown@company.com,"5047 Oak Ave, Phoenix, PA"
ID0201,James Anderson,james.anderson@gmail.com,"3655 Maple Dr, Houston, IL"
ID0218,John Wilson,john.wilson@yahoo.com,"2217 Cedar Ln, Los Angeles, PA"
ID0150,Christopher Williams,christopher.williams@hotmail.com,"2035 Cedar Ln, Chicago, TX"
ID0267,Robert Jones,robert.jones@yahoo.com,"4828 Cedar Ln, New York, PA"
ID0489,William-Martinez,william.martinez@outlook.com,"9308 Maple Dr, Philadelphia, AZ"
ID0382,Kimberly Williams,kimberly.williams@gmail.com,"5852 Main St, Philadelphia, PA"
ID0369,Emily Davis,emily.davis@outlook.com,"2424 Oak Ave, Houston, PA"
ID0434,Ashley Davis,ashley.davis@gmail.com,"7225 Cedar Ln, Los Angeles, IL"
